Repeatability,Strategy,NumQueries,numCache,numSeeds,ResponseTime,numMessages
Poisson,Master/slave,20000,35,175,77.40,35
Poisson,Voting,20000,35,175,34.89,105
Poisson,Multi-agent,20000,35,175,43.35,70
Poisson,Negotiation,20000,35,175,42.03,127
Poisson,feedback,20000,35,175,42.22,73
Poisson,Master/slave,20000,35,200,100.24,35
Poisson,Voting,20000,35,200,34.48,105
Poisson,Multi-agent,20000,35,200,43.08,70
Poisson,Negotiation,20000,35,200,41.69,119
Poisson,feedback,20000,35,200,48.37,66
Poisson,Master/slave,20000,35,250,85.00,35
Poisson,Voting,20000,35,250,34.91,105
Poisson,Multi-agent,20000,35,250,45.41,70
Poisson,Negotiation,20000,35,250,44.92,134
Poisson,feedback,20000,35,250,48.17,89
Poisson,Master/slave,20000,40,175,117.47,40
Poisson,Voting,20000,40,175,37.28,120
Poisson,Multi-agent,20000,40,175,52.77,80
Poisson,Negotiation,20000,40,175,51.71,139
Poisson,feedback,20000,40,175,52.70,76
Poisson,Master/slave,20000,40,200,84.10,40
Poisson,Voting,20000,40,200,37.52,120
Poisson,Multi-agent,20000,40,200,53.01,80
Poisson,Negotiation,20000,40,200,53.35,140
Poisson,feedback,20000,40,200,55.72,79
Poisson,Master/slave,20000,40,250,116.95,40
Poisson,Voting,20000,40,250,37.71,120
Poisson,Multi-agent,20000,40,250,56.35,80
Poisson,Negotiation,20000,40,250,55.79,144
Poisson,feedback,20000,40,250,55.87,84
Poisson,Master/slave,20000,50,175,125.74,50
Poisson,Voting,20000,50,175,41.66,150
Poisson,Multi-agent,20000,50,175,84.33,100
Poisson,Negotiation,20000,50,175,84.89,150
Poisson,feedback,20000,50,175,89.22,69
Poisson,Master/slave,20000,50,200,172.75,50
Poisson,Voting,20000,50,200,42.06,150
Poisson,Multi-agent,20000,50,200,83.12,100
Poisson,Negotiation,20000,50,200,86.27,169
Poisson,feedback,20000,50,200,93.80,85
Poisson,Master/slave,20000,50,250,96.04,50
Poisson,Voting,20000,50,250,41.82,150
Poisson,Multi-agent,20000,50,250,87.41,100
Poisson,Negotiation,20000,50,250,88.56,167
Poisson,feedback,20000,50,250,93.69,91
Poisson,Master/slave,20000,55,175,94.03,55
Poisson,Voting,20000,55,175,42.97,165
Poisson,Multi-agent,20000,55,175,92.93,110
Poisson,Negotiation,20000,55,175,100.71,160
Poisson,feedback,20000,55,175,105.98,69
Poisson,Master/slave,20000,55,200,165.65,55
Poisson,Voting,20000,55,200,43.62,165
Poisson,Multi-agent,20000,55,200,102.09,110
Poisson,Negotiation,20000,55,200,119.59,159
Poisson,feedback,20000,55,200,122.48,69
Poisson,Master/slave,20000,55,250,134.45,55
Poisson,Voting,20000,55,250,43.55,165
Poisson,Multi-agent,20000,55,250,103.42,110
Poisson,Negotiation,20000,55,250,110.81,177
Poisson,feedback,20000,55,250,116.66,92
Poisson,Master/slave,25000,35,175,76.79,35
Poisson,Voting,25000,35,175,34.27,105
Poisson,Multi-agent,25000,35,175,40.66,70
Poisson,Negotiation,25000,35,175,39.53,124
Poisson,feedback,25000,35,175,39.99,68
Poisson,Master/slave,25000,35,200,100.30,35
Poisson,Voting,25000,35,200,34.39,105
Poisson,Multi-agent,25000,35,200,40.71,70
Poisson,Negotiation,25000,35,200,40.10,131
Poisson,feedback,25000,35,200,39.88,77
Poisson,Master/slave,25000,35,250,84.96,35
Poisson,Voting,25000,35,250,34.57,105
Poisson,Multi-agent,25000,35,250,42.44,70
Poisson,Negotiation,25000,35,250,42.64,133
Poisson,feedback,25000,35,250,43.64,85
Poisson,Master/slave,25000,40,175,117.70,40
Poisson,Voting,25000,40,175,37.61,120
Poisson,Multi-agent,25000,40,175,47.98,80
Poisson,Negotiation,25000,40,175,47.38,129
Poisson,feedback,25000,40,175,46.91,66
Poisson,Master/slave,25000,40,200,84.65,40
Poisson,Voting,25000,40,200,37.24,120
Poisson,Multi-agent,25000,40,200,50.95,80
Poisson,Negotiation,25000,40,200,49.45,139
Poisson,feedback,25000,40,200,49.34,83
Poisson,Master/slave,25000,40,250,117.31,40
Poisson,Voting,25000,40,250,37.62,120
Poisson,Multi-agent,25000,40,250,51.30,80
Poisson,Negotiation,25000,40,250,50.80,142
Poisson,feedback,25000,40,250,52.53,82
Poisson,Master/slave,25000,50,175,125.66,50
Poisson,Voting,25000,50,175,41.41,150
Poisson,Multi-agent,25000,50,175,72.47,100
Poisson,Negotiation,25000,50,175,89.87,153
Poisson,feedback,25000,50,175,97.27,74
Poisson,Master/slave,25000,50,200,172.53,50
Poisson,Voting,25000,50,200,41.63,150
Poisson,Multi-agent,25000,50,200,71.95,100
Poisson,Negotiation,25000,50,200,70.78,157
Poisson,feedback,25000,50,200,73.66,79
Poisson,Master/slave,25000,50,250,95.91,50
Poisson,Voting,25000,50,250,41.62,150
Poisson,Multi-agent,25000,50,250,75.45,100
Poisson,Negotiation,25000,50,250,75.11,167
Poisson,feedback,25000,50,250,76.56,92
Poisson,Master/slave,25000,55,175,93.56,55
Poisson,Voting,25000,55,175,43.28,165
Poisson,Multi-agent,25000,55,175,84.89,110
Poisson,Negotiation,25000,55,175,90.12,163
Poisson,feedback,25000,55,175,97.10,71
Poisson,Master/slave,25000,55,200,165.55,55
Poisson,Voting,25000,55,200,43.08,165
Poisson,Multi-agent,25000,55,200,85.67,110
Poisson,Negotiation,25000,55,200,84.42,168
Poisson,feedback,25000,55,200,88.13,77
Poisson,Master/slave,25000,55,250,134.35,55
Poisson,Voting,25000,55,250,43.59,165
Poisson,Multi-agent,25000,55,250,89.77,110
Poisson,Negotiation,25000,55,250,97.49,176
Poisson,feedback,25000,55,250,105.36,91
Poisson,Master/slave,30000,35,175,77.39,35
Poisson,Voting,30000,35,175,34.51,105
Poisson,Multi-agent,30000,35,175,39.50,70
Poisson,Negotiation,30000,35,175,38.76,118
Poisson,feedback,30000,35,175,39.09,68
Poisson,Master/slave,30000,35,200,100.56,35
Poisson,Voting,30000,35,200,34.92,105
Poisson,Multi-agent,30000,35,200,39.80,70
Poisson,Negotiation,30000,35,200,39.50,133
Poisson,feedback,30000,35,200,39.17,79
Poisson,Master/slave,30000,35,250,85.02,35
Poisson,Voting,30000,35,250,34.74,105
Poisson,Multi-agent,30000,35,250,40.32,70
Poisson,Negotiation,30000,35,250,39.92,129
Poisson,feedback,30000,35,250,41.38,79
Poisson,Master/slave,30000,40,175,117.51,40
Poisson,Voting,30000,40,175,37.52,120
Poisson,Multi-agent,30000,40,175,45.30,80
Poisson,Negotiation,30000,40,175,44.92,138
Poisson,feedback,30000,40,175,48.30,75
Poisson,Master/slave,30000,40,200,84.19,40
Poisson,Voting,30000,40,200,37.29,120
Poisson,Multi-agent,30000,40,200,48.02,80
Poisson,Negotiation,30000,40,200,46.97,142
Poisson,feedback,30000,40,200,47.65,79
Poisson,Master/slave,30000,40,250,116.85,40
Poisson,Voting,30000,40,250,37.55,120
Poisson,Multi-agent,30000,40,250,47.58,80
Poisson,Negotiation,30000,40,250,48.33,149
Poisson,feedback,30000,40,250,48.14,87
Poisson,Master/slave,30000,50,175,125.82,50
Poisson,Voting,30000,50,175,41.40,150
Poisson,Multi-agent,30000,50,175,64.41,100
Poisson,Negotiation,30000,50,175,62.80,152
Poisson,feedback,30000,50,175,64.34,71
Poisson,Master/slave,30000,50,200,172.29,50
Poisson,Voting,30000,50,200,42.21,150
Poisson,Multi-agent,30000,50,200,67.20,100
Poisson,Negotiation,30000,50,200,66.06,162
Poisson,feedback,30000,50,200,67.84,81
Poisson,Master/slave,30000,50,250,95.83,50
Poisson,Voting,30000,50,250,41.57,150
Poisson,Multi-agent,30000,50,250,69.77,100
Poisson,Negotiation,30000,50,250,68.78,160
Poisson,feedback,30000,50,250,70.09,86
Poisson,Master/slave,30000,55,175,93.90,55
Poisson,Voting,30000,55,175,43.32,165
Poisson,Multi-agent,30000,55,175,78.00,110
Poisson,Negotiation,30000,55,175,75.32,165
Poisson,feedback,30000,55,175,71.45,77
Poisson,Master/slave,30000,55,200,165.88,55
Poisson,Voting,30000,55,200,43.17,165
Poisson,Multi-agent,30000,55,200,77.36,110
Poisson,Negotiation,30000,55,200,74.68,174
Poisson,feedback,30000,55,200,82.14,81
Poisson,Master/slave,30000,55,250,134.76,55
Poisson,Voting,30000,55,250,43.38,165
Poisson,Multi-agent,30000,55,250,83.45,110
Poisson,Negotiation,30000,55,250,82.24,174
Poisson,feedback,30000,55,250,82.50,92
Poisson,Master/slave,35000,35,175,77.39,35
Poisson,Voting,35000,35,175,34.31,105
Poisson,Multi-agent,35000,35,175,37.71,70
Poisson,Negotiation,35000,35,175,37.21,124
Poisson,feedback,35000,35,175,37.18,70
Poisson,Master/slave,35000,35,200,100.21,35
Poisson,Voting,35000,35,200,34.26,105
Poisson,Multi-agent,35000,35,200,37.93,70
Poisson,Negotiation,35000,35,200,37.22,119
Poisson,feedback,35000,35,200,36.81,72
Poisson,Master/slave,35000,35,250,85.01,35
Poisson,Voting,35000,35,250,34.62,105
Poisson,Multi-agent,35000,35,250,39.08,70
Poisson,Negotiation,35000,35,250,39.00,122
Poisson,feedback,35000,35,250,38.12,74
Poisson,Master/slave,35000,40,175,117.88,40
Poisson,Voting,35000,40,175,37.41,120
Poisson,Multi-agent,35000,40,175,44.22,80
Poisson,Negotiation,35000,40,175,43.32,141
Poisson,feedback,35000,40,175,43.21,80
Poisson,Master/slave,35000,40,200,84.38,40
Poisson,Voting,35000,40,200,37.07,120
Poisson,Multi-agent,35000,40,200,45.50,80
Poisson,Negotiation,35000,40,200,45.02,133
Poisson,feedback,35000,40,200,46.27,76
Poisson,Master/slave,35000,40,250,117.11,40
Poisson,Voting,35000,40,250,37.04,120
Poisson,Multi-agent,35000,40,250,45.62,80
Poisson,Negotiation,35000,40,250,45.02,150
Poisson,feedback,35000,40,250,45.33,93
Poisson,Master/slave,35000,50,175,125.97,50
Poisson,Voting,35000,50,175,41.26,150
Poisson,Multi-agent,35000,50,175,59.67,100
Poisson,Negotiation,35000,50,175,58.55,151
Poisson,feedback,35000,50,175,58.16,70
Poisson,Master/slave,35000,50,200,172.26,50
Poisson,Voting,35000,50,200,41.53,150
Poisson,Multi-agent,35000,50,200,61.95,100
Poisson,Negotiation,35000,50,200,61.61,161
Poisson,feedback,35000,50,200,65.43,84
Poisson,Master/slave,35000,50,250,96.13,50
Poisson,Voting,35000,50,250,41.67,150
Poisson,Multi-agent,35000,50,250,64.79,100
Poisson,Negotiation,35000,50,250,64.38,170
Poisson,feedback,35000,50,250,68.52,95
Poisson,Master/slave,35000,55,175,93.60,55
Poisson,Voting,35000,55,175,42.88,165
Poisson,Multi-agent,35000,55,175,69.53,110
Poisson,Negotiation,35000,55,175,68.20,173
Poisson,feedback,35000,55,175,70.69,81
Poisson,Master/slave,35000,55,200,166.27,55
Poisson,Voting,35000,55,200,43.29,165
Poisson,Multi-agent,35000,55,200,73.55,110
Poisson,Negotiation,35000,55,200,72.97,178
Poisson,feedback,35000,55,200,74.27,88
Poisson,Master/slave,35000,55,250,134.53,55
Poisson,Voting,35000,55,250,43.65,165
Poisson,Multi-agent,35000,55,250,76.85,110
Poisson,Negotiation,35000,55,250,77.95,180
Poisson,feedback,35000,55,250,81.70,94
Random,Master/slave,20000,35,175,116.29,35
Random,Voting,20000,35,175,117.81,105
Random,Multi-agent,20000,35,175,119.61,70
Random,Negotiation,20000,35,175,167.72,228
Random,feedback,20000,35,175,167.72,160
Random,Master/slave,20000,35,200,116.48,35
Random,Voting,20000,35,200,116.37,105
Random,Multi-agent,20000,35,200,119.08,70
Random,Negotiation,20000,35,200,122.63,132
Random,feedback,20000,35,200,122.63,64
Random,Master/slave,20000,35,250,117.60,35
Random,Voting,20000,35,250,118.48,105
Random,Multi-agent,20000,35,250,119.87,70
Random,Negotiation,20000,35,250,100.00,70
Random,feedback,20000,35,250,100.00,2
Random,Master/slave,20000,40,175,134.34,40
Random,Voting,20000,40,175,133.98,120
Random,Multi-agent,20000,40,175,137.00,80
Random,Negotiation,20000,40,175,185.60,235
Random,feedback,20000,40,175,185.60,157
Random,Master/slave,20000,40,200,133.76,40
Random,Voting,20000,40,200,135.09,120
Random,Multi-agent,20000,40,200,135.53,80
Random,Negotiation,20000,40,200,100.00,80
Random,feedback,20000,40,200,100.00,2
Random,Master/slave,20000,40,250,134.31,40
Random,Voting,20000,40,250,133.61,120
Random,Multi-agent,20000,40,250,136.23,80
Random,Negotiation,20000,40,250,100.00,80
Random,feedback,20000,40,250,100.00,2
Random,Master/slave,20000,50,175,166.40,50
Random,Voting,20000,50,175,169.09,150
Random,Multi-agent,20000,50,175,171.27,100
Random,Negotiation,20000,50,175,100.00,100
Random,feedback,20000,50,175,100.00,2
Random,Master/slave,20000,50,200,166.22,50
Random,Voting,20000,50,200,167.00,150
Random,Multi-agent,20000,50,200,169.24,100
Random,Negotiation,20000,50,200,100.00,100
Random,feedback,20000,50,200,100.00,2
Random,Master/slave,20000,50,250,168.04,50
Random,Voting,20000,50,250,167.85,150
Random,Multi-agent,20000,50,250,170.90,100
Random,Negotiation,20000,50,250,100.00,100
Random,feedback,20000,50,250,100.00,2
Random,Master/slave,20000,55,175,186.84,55
Random,Voting,20000,55,175,185.74,165
Random,Multi-agent,20000,55,175,187.65,110
Random,Negotiation,20000,55,175,100.00,110
Random,feedback,20000,55,175,100.00,2
Random,Master/slave,20000,55,200,181.72,55
Random,Voting,20000,55,200,187.91,165
Random,Multi-agent,20000,55,200,188.29,110
Random,Negotiation,20000,55,200,100.00,110
Random,feedback,20000,55,200,100.00,2
Random,Master/slave,20000,55,250,183.75,55
Random,Voting,20000,55,250,188.84,165
Random,Multi-agent,20000,55,250,187.97,110
Random,Negotiation,20000,55,250,100.00,110
Random,feedback,20000,55,250,100.00,2
Random,Master/slave,25000,35,175,117.14,35
Random,Voting,25000,35,175,116.03,105
Random,Multi-agent,25000,35,175,137.89,70
Random,Negotiation,25000,35,175,169.01,186
Random,feedback,25000,35,175,169.01,118
Random,Master/slave,25000,35,200,116.09,35
Random,Voting,25000,35,200,112.79,105
Random,Multi-agent,25000,35,200,123.91,70
Random,Negotiation,25000,35,200,168.71,243
Random,feedback,25000,35,200,168.71,175
Random,Master/slave,25000,35,250,117.51,35
Random,Voting,25000,35,250,117.46,105
Random,Multi-agent,25000,35,250,118.02,70
Random,Negotiation,25000,35,250,127.08,164
Random,feedback,25000,35,250,127.08,96
Random,Master/slave,25000,40,175,134.39,40
Random,Voting,25000,40,175,132.01,120
Random,Multi-agent,25000,40,175,140.01,80
Random,Negotiation,25000,40,175,191.37,230
Random,feedback,25000,40,175,191.37,152
Random,Master/slave,25000,40,200,133.69,40
Random,Voting,25000,40,200,135.63,120
Random,Multi-agent,25000,40,200,136.62,80
Random,Negotiation,25000,40,200,195.58,273
Random,feedback,25000,40,200,195.58,195
Random,Master/slave,25000,40,250,134.55,40
Random,Voting,25000,40,250,132.00,120
Random,Multi-agent,25000,40,250,135.20,80
Random,Negotiation,25000,40,250,100.00,80
Random,feedback,25000,40,250,100.00,2
Random,Master/slave,25000,50,175,166.98,50
Random,Voting,25000,50,175,170.98,150
Random,Multi-agent,25000,50,175,169.64,100
Random,Negotiation,25000,50,175,117.10,120
Random,feedback,25000,50,175,117.10,22
Random,Master/slave,25000,50,200,166.55,50
Random,Voting,25000,50,200,164.23,150
Random,Multi-agent,25000,50,200,168.21,100
Random,Negotiation,25000,50,200,100.00,100
Random,feedback,25000,50,200,100.00,2
Random,Master/slave,25000,50,250,167.32,50
Random,Voting,25000,50,250,170.31,150
Random,Multi-agent,25000,50,250,170.66,100
Random,Negotiation,25000,50,250,100.00,100
Random,feedback,25000,50,250,100.00,2
Random,Master/slave,25000,55,175,186.20,55
Random,Voting,25000,55,175,180.43,165
Random,Multi-agent,25000,55,175,184.36,110
Random,Negotiation,25000,55,175,100.00,110
Random,feedback,25000,55,175,100.00,2
Random,Master/slave,25000,55,200,181.59,55
Random,Voting,25000,55,200,183.70,165
Random,Multi-agent,25000,55,200,184.54,110
Random,Negotiation,25000,55,200,100.00,110
Random,feedback,25000,55,200,100.00,2
Random,Master/slave,25000,55,250,182.40,55
Random,Voting,25000,55,250,187.18,165
Random,Multi-agent,25000,55,250,188.21,110
Random,Negotiation,25000,55,250,100.00,110
Random,feedback,25000,55,250,100.00,2
Random,Master/slave,30000,35,175,117.24,35
Random,Voting,30000,35,175,121.07,105
Random,Multi-agent,30000,35,175,160.13,70
Random,Negotiation,30000,35,175,169.89,239
Random,feedback,30000,35,175,169.89,171
Random,Master/slave,30000,35,200,115.68,35
Random,Voting,30000,35,200,117.56,105
Random,Multi-agent,30000,35,200,146.87,70
Random,Negotiation,30000,35,200,169.78,191
Random,feedback,30000,35,200,169.78,123
Random,Master/slave,30000,35,250,117.46,35
Random,Voting,30000,35,250,116.09,105
Random,Multi-agent,30000,35,250,120.67,70
Random,Negotiation,30000,35,250,165.92,290
Random,feedback,30000,35,250,165.92,222
Random,Master/slave,30000,40,175,134.20,40
Random,Voting,30000,40,175,134.68,120
Random,Multi-agent,30000,40,175,169.27,80
Random,Negotiation,30000,40,175,195.01,186
Random,feedback,30000,40,175,195.01,108
Random,Master/slave,30000,40,200,133.67,40
Random,Voting,30000,40,200,130.51,120
Random,Multi-agent,30000,40,200,149.41,80
Random,Negotiation,30000,40,200,195.04,238
Random,feedback,30000,40,200,195.04,160
Random,Master/slave,30000,40,250,134.05,40
Random,Voting,30000,40,250,131.11,120
Random,Multi-agent,30000,40,250,135.30,80
Random,Negotiation,30000,40,250,172.51,265
Random,feedback,30000,40,250,172.51,187
Random,Master/slave,30000,50,175,166.53,50
Random,Voting,30000,50,175,167.70,150
Random,Multi-agent,30000,50,175,177.52,100
Random,Negotiation,30000,50,175,237.35,245
Random,feedback,30000,50,175,237.35,147
Random,Master/slave,30000,50,200,166.68,50
Random,Voting,30000,50,200,172.68,150
Random,Multi-agent,30000,50,200,170.92,100
Random,Negotiation,30000,50,200,215.59,256
Random,feedback,30000,50,200,215.59,158
Random,Master/slave,30000,50,250,167.27,50
Random,Voting,30000,50,250,170.48,150
Random,Multi-agent,30000,50,250,171.01,100
Random,Negotiation,30000,50,250,100.00,100
Random,feedback,30000,50,250,100.00,2
Random,Master/slave,30000,55,175,186.43,55
Random,Voting,30000,55,175,180.86,165
Random,Multi-agent,30000,55,175,187.62,110
Random,Negotiation,30000,55,175,238.39,247
Random,feedback,30000,55,175,238.39,139
Random,Master/slave,30000,55,200,182.01,55
Random,Voting,30000,55,200,182.79,165
Random,Multi-agent,30000,55,200,187.76,110
Random,Negotiation,30000,55,200,234.30,267
Random,feedback,30000,55,200,234.30,159
Random,Master/slave,30000,55,250,183.60,55
Random,Voting,30000,55,250,187.30,165
Random,Multi-agent,30000,55,250,187.75,110
Random,Negotiation,30000,55,250,100.00,110
Random,feedback,30000,55,250,100.00,2
Random,Master/slave,35000,35,175,116.86,35
Random,Voting,35000,35,175,119.19,105
Random,Multi-agent,35000,35,175,146.87,70
Random,Negotiation,35000,35,175,162.39,350
Random,feedback,35000,35,175,162.39,282
Random,Master/slave,35000,35,200,115.87,35
Random,Voting,35000,35,200,119.83,105
Random,Multi-agent,35000,35,200,160.86,70
Random,Negotiation,35000,35,200,169.81,275
Random,feedback,35000,35,200,169.81,207
Random,Master/slave,35000,35,250,117.59,35
Random,Voting,35000,35,250,118.63,105
Random,Multi-agent,35000,35,250,135.12,70
Random,Negotiation,35000,35,250,170.52,254
Random,feedback,35000,35,250,170.52,186
Random,Master/slave,35000,40,175,134.25,40
Random,Voting,35000,40,175,136.52,120
Random,Multi-agent,35000,40,175,184.27,80
Random,Negotiation,35000,40,175,194.97,256
Random,feedback,35000,40,175,194.97,178
Random,Master/slave,35000,40,200,133.81,40
Random,Voting,35000,40,200,133.28,120
Random,Multi-agent,35000,40,200,174.95,80
Random,Negotiation,35000,40,200,195.29,189
Random,feedback,35000,40,200,195.29,111
Random,Master/slave,35000,40,250,134.37,40
Random,Voting,35000,40,250,133.07,120
Random,Multi-agent,35000,40,250,141.78,80
Random,Negotiation,35000,40,250,188.13,282
Random,feedback,35000,40,250,188.13,204
Random,Master/slave,35000,50,175,166.88,50
Random,Voting,35000,50,175,167.23,150
Random,Multi-agent,35000,50,175,199.71,100
Random,Negotiation,35000,50,175,245.02,208
Random,feedback,35000,50,175,245.02,110
Random,Master/slave,35000,50,200,166.49,50
Random,Voting,35000,50,200,166.82,150
Random,Multi-agent,35000,50,200,179.26,100
Random,Negotiation,35000,50,200,233.76,261
Random,feedback,35000,50,200,233.76,163
Random,Master/slave,35000,50,250,167.20,50
Random,Voting,35000,50,250,167.81,150
Random,Multi-agent,35000,50,250,171.64,100
Random,Negotiation,35000,50,250,183.17,242
Random,feedback,35000,50,250,183.17,144
Random,Master/slave,35000,55,175,186.60,55
Random,Voting,35000,55,175,187.80,165
Random,Multi-agent,35000,55,175,200.34,110
Random,Negotiation,35000,55,175,268.21,260
Random,feedback,35000,55,175,268.21,152
Random,Master/slave,35000,55,200,182.28,55
Random,Voting,35000,55,200,180.56,165
Random,Multi-agent,35000,55,200,193.66,110
Random,Negotiation,35000,55,200,253.78,276
Random,feedback,35000,55,200,253.78,168
Random,Master/slave,35000,55,250,183.44,55
Random,Voting,35000,55,250,186.65,165
Random,Multi-agent,35000,55,250,187.73,110
Random,Negotiation,35000,55,250,100.00,110
Random,feedback,35000,55,250,100.00,2
Uniform,Master/slave,20000,35,175,117.02,35
Uniform,Voting,20000,35,175,117.81,105
Uniform,Multi-agent,20000,35,175,123.45,70
Uniform,Negotiation,20000,35,175,169.97,230
Uniform,feedback,20000,35,175,169.97,162
Uniform,Master/slave,20000,35,200,115.72,35
Uniform,Voting,20000,35,200,115.64,105
Uniform,Multi-agent,20000,35,200,117.00,70
Uniform,Negotiation,20000,35,200,124.17,139
Uniform,feedback,20000,35,200,124.17,71
Uniform,Master/slave,20000,35,250,117.71,35
Uniform,Voting,20000,35,250,118.74,105
Uniform,Multi-agent,20000,35,250,118.98,70
Uniform,Negotiation,20000,35,250,149.79,245
Uniform,feedback,20000,35,250,149.79,177
Uniform,Master/slave,20000,40,175,134.01,40
Uniform,Voting,20000,40,175,133.32,120
Uniform,Multi-agent,20000,40,175,135.42,80
Uniform,Negotiation,20000,40,175,100.00,80
Uniform,feedback,20000,40,175,100.00,2
Uniform,Master/slave,20000,40,200,133.77,40
Uniform,Voting,20000,40,200,134.51,120
Uniform,Multi-agent,20000,40,200,136.47,80
Uniform,Negotiation,20000,40,200,100.00,80
Uniform,feedback,20000,40,200,100.00,2
Uniform,Master/slave,20000,40,250,134.57,40
Uniform,Voting,20000,40,250,132.63,120
Uniform,Multi-agent,20000,40,250,136.05,80
Uniform,Negotiation,20000,40,250,100.00,80
Uniform,feedback,20000,40,250,100.00,2
Uniform,Master/slave,20000,50,175,167.21,50
Uniform,Voting,20000,50,175,167.39,150
Uniform,Multi-agent,20000,50,175,168.17,100
Uniform,Negotiation,20000,50,175,100.00,100
Uniform,feedback,20000,50,175,100.00,2
Uniform,Master/slave,20000,50,200,166.39,50
Uniform,Voting,20000,50,200,167.10,150
Uniform,Multi-agent,20000,50,200,170.18,100
Uniform,Negotiation,20000,50,200,100.00,100
Uniform,feedback,20000,50,200,100.00,2
Uniform,Master/slave,20000,50,250,166.83,50
Uniform,Voting,20000,50,250,171.65,150
Uniform,Multi-agent,20000,50,250,169.67,100
Uniform,Negotiation,20000,50,250,100.00,100
Uniform,feedback,20000,50,250,100.00,2
Uniform,Master/slave,20000,55,175,185.62,55
Uniform,Voting,20000,55,175,178.30,165
Uniform,Multi-agent,20000,55,175,186.77,110
Uniform,Negotiation,20000,55,175,144.58,155
Uniform,feedback,20000,55,175,144.58,47
Uniform,Master/slave,20000,55,200,181.58,55
Uniform,Voting,20000,55,200,189.96,165
Uniform,Multi-agent,20000,55,200,188.30,110
Uniform,Negotiation,20000,55,200,100.00,110
Uniform,feedback,20000,55,200,100.00,2
Uniform,Master/slave,20000,55,250,182.53,55
Uniform,Voting,20000,55,250,183.69,165
Uniform,Multi-agent,20000,55,250,187.29,110
Uniform,Negotiation,20000,55,250,100.00,110
Uniform,feedback,20000,55,250,100.00,2
Uniform,Master/slave,25000,35,175,116.37,35
Uniform,Voting,25000,35,175,116.25,105
Uniform,Multi-agent,25000,35,175,140.21,70
Uniform,Negotiation,25000,35,175,169.17,171
Uniform,feedback,25000,35,175,169.17,103
Uniform,Master/slave,25000,35,200,115.91,35
Uniform,Voting,25000,35,200,115.53,105
Uniform,Multi-agent,25000,35,200,121.53,70
Uniform,Negotiation,25000,35,200,163.90,235
Uniform,feedback,25000,35,200,163.90,167
Uniform,Master/slave,25000,35,250,117.73,35
Uniform,Voting,25000,35,250,118.46,105
Uniform,Multi-agent,25000,35,250,119.31,70
Uniform,Negotiation,25000,35,250,125.75,161
Uniform,feedback,25000,35,250,125.75,93
Uniform,Master/slave,25000,40,175,134.81,40
Uniform,Voting,25000,40,175,137.39,120
Uniform,Multi-agent,25000,40,175,143.30,80
Uniform,Negotiation,25000,40,175,195.44,236
Uniform,feedback,25000,40,175,195.44,158
Uniform,Master/slave,25000,40,200,133.95,40
Uniform,Voting,25000,40,200,137.39,120
Uniform,Multi-agent,25000,40,200,137.83,80
Uniform,Negotiation,25000,40,200,186.04,256
Uniform,feedback,25000,40,200,186.04,178
Uniform,Master/slave,25000,40,250,134.17,40
Uniform,Voting,25000,40,250,135.60,120
Uniform,Multi-agent,25000,40,250,136.08,80
Uniform,Negotiation,25000,40,250,100.00,80
Uniform,feedback,25000,40,250,100.00,2
Uniform,Master/slave,25000,50,175,166.88,50
Uniform,Voting,25000,50,175,165.73,150
Uniform,Multi-agent,25000,50,175,169.10,100
Uniform,Negotiation,25000,50,175,103.94,104
Uniform,feedback,25000,50,175,103.94,6
Uniform,Master/slave,25000,50,200,166.97,50
Uniform,Voting,25000,50,200,165.27,150
Uniform,Multi-agent,25000,50,200,169.49,100
Uniform,Negotiation,25000,50,200,100.00,100
Uniform,feedback,25000,50,200,100.00,2
Uniform,Master/slave,25000,50,250,166.09,50
Uniform,Voting,25000,50,250,168.50,150
Uniform,Multi-agent,25000,50,250,171.11,100
Uniform,Negotiation,25000,50,250,100.00,100
Uniform,feedback,25000,50,250,100.00,2
Uniform,Master/slave,25000,55,175,186.40,55
Uniform,Voting,25000,55,175,188.02,165
Uniform,Multi-agent,25000,55,175,187.88,110
Uniform,Negotiation,25000,55,175,100.00,110
Uniform,feedback,25000,55,175,100.00,2
Uniform,Master/slave,25000,55,200,181.86,55
Uniform,Voting,25000,55,200,181.47,165
Uniform,Multi-agent,25000,55,200,184.19,110
Uniform,Negotiation,25000,55,200,100.00,110
Uniform,feedback,25000,55,200,100.00,2
Uniform,Master/slave,25000,55,250,182.74,55
Uniform,Voting,25000,55,250,192.52,165
Uniform,Multi-agent,25000,55,250,188.61,110
Uniform,Negotiation,25000,55,250,100.00,110
Uniform,feedback,25000,55,250,100.00,2
Uniform,Master/slave,30000,35,175,117.18,35
Uniform,Voting,30000,35,175,114.02,105
Uniform,Multi-agent,30000,35,175,159.41,70
Uniform,Negotiation,30000,35,175,170.14,244
Uniform,feedback,30000,35,175,170.14,176
Uniform,Master/slave,30000,35,200,116.19,35
Uniform,Voting,30000,35,200,118.82,105
Uniform,Multi-agent,30000,35,200,145.79,70
Uniform,Negotiation,30000,35,200,169.96,213
Uniform,feedback,30000,35,200,169.96,145
Uniform,Master/slave,30000,35,250,117.86,35
Uniform,Voting,30000,35,250,117.76,105
Uniform,Multi-agent,30000,35,250,122.53,70
Uniform,Negotiation,30000,35,250,169.26,297
Uniform,feedback,30000,35,250,169.26,229
Uniform,Master/slave,30000,40,175,134.62,40
Uniform,Voting,30000,40,175,134.73,120
Uniform,Multi-agent,30000,40,175,167.24,80
Uniform,Negotiation,30000,40,175,193.43,180
Uniform,feedback,30000,40,175,193.43,102
Uniform,Master/slave,30000,40,200,133.12,40
Uniform,Voting,30000,40,200,137.03,120
Uniform,Multi-agent,30000,40,200,148.56,80
Uniform,Negotiation,30000,40,200,195.02,241
Uniform,feedback,30000,40,200,195.02,163
Uniform,Master/slave,30000,40,250,134.91,40
Uniform,Voting,30000,40,250,133.87,120
Uniform,Multi-agent,30000,40,250,135.54,80
Uniform,Negotiation,30000,40,250,164.87,245
Uniform,feedback,30000,40,250,164.87,167
Uniform,Master/slave,30000,50,175,166.25,50
Uniform,Voting,30000,50,175,169.25,150
Uniform,Multi-agent,30000,50,175,180.42,100
Uniform,Negotiation,30000,50,175,239.39,244
Uniform,feedback,30000,50,175,239.39,146
Uniform,Master/slave,30000,50,200,166.80,50
Uniform,Voting,30000,50,200,163.76,150
Uniform,Multi-agent,30000,50,200,168.84,100
Uniform,Negotiation,30000,50,200,227.08,268
Uniform,feedback,30000,50,200,227.08,170
Uniform,Master/slave,30000,50,250,167.09,50
Uniform,Voting,30000,50,250,170.27,150
Uniform,Multi-agent,30000,50,250,169.40,100
Uniform,Negotiation,30000,50,250,100.00,100
Uniform,feedback,30000,50,250,100.00,2
Uniform,Master/slave,30000,55,175,185.79,55
Uniform,Voting,30000,55,175,185.59,165
Uniform,Multi-agent,30000,55,175,189.30,110
Uniform,Negotiation,30000,55,175,236.32,245
Uniform,feedback,30000,55,175,236.32,137
Uniform,Master/slave,30000,55,200,181.59,55
Uniform,Voting,30000,55,200,186.98,165
Uniform,Multi-agent,30000,55,200,185.76,110
Uniform,Negotiation,30000,55,200,100.00,110
Uniform,feedback,30000,55,200,100.00,2
Uniform,Master/slave,30000,55,250,183.06,55
Uniform,Voting,30000,55,250,184.46,165
Uniform,Multi-agent,30000,55,250,186.42,110
Uniform,Negotiation,30000,55,250,100.00,110
Uniform,feedback,30000,55,250,100.00,2
Uniform,Master/slave,35000,35,175,116.72,35
Uniform,Voting,35000,35,175,117.01,105
Uniform,Multi-agent,35000,35,175,145.11,70
Uniform,Negotiation,35000,35,175,169.52,362
Uniform,feedback,35000,35,175,169.52,294
Uniform,Master/slave,35000,35,200,115.89,35
Uniform,Voting,35000,35,200,119.94,105
Uniform,Multi-agent,35000,35,200,159.36,70
Uniform,Negotiation,35000,35,200,169.14,292
Uniform,feedback,35000,35,200,169.14,224
Uniform,Master/slave,35000,35,250,117.52,35
Uniform,Voting,35000,35,250,117.68,105
Uniform,Multi-agent,35000,35,250,135.60,70
Uniform,Negotiation,35000,35,250,170.03,241
Uniform,feedback,35000,35,250,170.03,173
Uniform,Master/slave,35000,40,175,134.22,40
Uniform,Voting,35000,40,175,128.76,120
Uniform,Multi-agent,35000,40,175,182.16,80
Uniform,Negotiation,35000,40,175,192.63,296
Uniform,feedback,35000,40,175,192.63,218
Uniform,Master/slave,35000,40,200,133.58,40
Uniform,Voting,35000,40,200,135.25,120
Uniform,Multi-agent,35000,40,200,177.17,80
Uniform,Negotiation,35000,40,200,195.07,209
Uniform,feedback,35000,40,200,195.07,131
Uniform,Master/slave,35000,40,250,134.40,40
Uniform,Voting,35000,40,250,134.45,120
Uniform,Multi-agent,35000,40,250,143.88,80
Uniform,Negotiation,35000,40,250,192.96,293
Uniform,feedback,35000,40,250,192.96,215
Uniform,Master/slave,35000,50,175,166.97,50
Uniform,Voting,35000,50,175,167.70,150
Uniform,Multi-agent,35000,50,175,204.17,100
Uniform,Negotiation,35000,50,175,241.30,207
Uniform,feedback,35000,50,175,241.30,109
Uniform,Master/slave,35000,50,200,167.16,50
Uniform,Voting,35000,50,200,173.22,150
Uniform,Multi-agent,35000,50,200,177.36,100
Uniform,Negotiation,35000,50,200,243.55,284
Uniform,feedback,35000,50,200,243.55,186
Uniform,Master/slave,35000,50,250,166.05,50
Uniform,Voting,35000,50,250,168.10,150
Uniform,Multi-agent,35000,50,250,169.77,100
Uniform,Negotiation,35000,50,250,114.58,124
Uniform,feedback,35000,50,250,114.58,26
Uniform,Master/slave,35000,55,175,186.22,55
Uniform,Voting,35000,55,175,184.04,165
Uniform,Multi-agent,35000,55,175,205.82,110
Uniform,Negotiation,35000,55,175,268.77,245
Uniform,feedback,35000,55,175,268.77,137
Uniform,Master/slave,35000,55,200,181.85,55
Uniform,Voting,35000,55,200,183.23,165
Uniform,Multi-agent,35000,55,200,188.96,110
Uniform,Negotiation,35000,55,200,255.01,282
Uniform,feedback,35000,55,200,255.01,174
Uniform,Master/slave,35000,55,250,183.08,55
Uniform,Voting,35000,55,250,186.42,165
Uniform,Multi-agent,35000,55,250,186.23,110
Uniform,Negotiation,35000,55,250,100.00,110
Uniform,feedback,35000,55,250,100.00,2
Exponential,Master/slave,20000,35,175,117.51,35
Exponential,Voting,20000,35,175,118.10,105
Exponential,Multi-agent,20000,35,175,127.74,70
Exponential,Negotiation,20000,35,175,132.41,211
Exponential,feedback,20000,35,175,142.34,207
Exponential,Master/slave,20000,35,200,116.51,35
Exponential,Voting,20000,35,200,114.89,105
Exponential,Multi-agent,20000,35,200,130.93,70
Exponential,Negotiation,20000,35,200,149.52,203
Exponential,feedback,20000,35,200,160.50,206
Exponential,Master/slave,20000,35,250,117.06,35
Exponential,Voting,20000,35,250,117.17,105
Exponential,Multi-agent,20000,35,250,132.21,70
Exponential,Negotiation,20000,35,250,150.16,198
Exponential,feedback,20000,35,250,164.48,222
Exponential,Master/slave,20000,40,175,134.25,40
Exponential,Voting,20000,40,175,138.23,120
Exponential,Multi-agent,20000,40,175,147.69,80
Exponential,Negotiation,20000,40,175,154.24,201
Exponential,feedback,20000,40,175,168.98,186
Exponential,Master/slave,20000,40,200,134.15,40
Exponential,Voting,20000,40,200,132.51,120
Exponential,Multi-agent,20000,40,200,152.69,80
Exponential,Negotiation,20000,40,200,163.98,204
Exponential,feedback,20000,40,200,179.68,201
Exponential,Master/slave,20000,40,250,133.77,40
Exponential,Voting,20000,40,250,133.87,120
Exponential,Multi-agent,20000,40,250,150.00,80
Exponential,Negotiation,20000,40,250,170.09,199
Exponential,feedback,20000,40,250,189.17,210
Exponential,Master/slave,20000,50,175,168.21,50
Exponential,Voting,20000,50,175,158.93,150
Exponential,Multi-agent,20000,50,175,188.10,100
Exponential,Negotiation,20000,50,175,195.96,183
Exponential,feedback,20000,50,175,226.95,152
Exponential,Master/slave,20000,50,200,167.47,50
Exponential,Voting,20000,50,200,168.72,150
Exponential,Multi-agent,20000,50,200,184.85,100
Exponential,Negotiation,20000,50,200,200.57,191
Exponential,feedback,20000,50,200,231.91,161
Exponential,Master/slave,20000,50,250,167.38,50
Exponential,Voting,20000,50,250,169.43,150
Exponential,Multi-agent,20000,50,250,177.36,100
Exponential,Negotiation,20000,50,250,196.43,192
Exponential,feedback,20000,50,250,234.21,188
Exponential,Master/slave,20000,55,175,184.92,55
Exponential,Voting,20000,55,175,184.33,165
Exponential,Multi-agent,20000,55,175,213.19,110
Exponential,Negotiation,20000,55,175,229.71,208
Exponential,feedback,20000,55,175,260.03,161
Exponential,Master/slave,20000,55,200,184.24,55
Exponential,Voting,20000,55,200,186.86,165
Exponential,Multi-agent,20000,55,200,200.66,110
Exponential,Negotiation,20000,55,200,212.56,182
Exponential,feedback,20000,55,200,253.39,145
Exponential,Master/slave,20000,55,250,182.80,55
Exponential,Voting,20000,55,250,185.40,165
Exponential,Multi-agent,20000,55,250,190.25,110
Exponential,Negotiation,20000,55,250,204.71,191
Exponential,feedback,20000,55,250,253.50,179
Exponential,Master/slave,25000,35,175,116.58,35
Exponential,Voting,25000,35,175,118.11,105
Exponential,Multi-agent,25000,35,175,126.75,70
Exponential,Negotiation,25000,35,175,135.28,262
Exponential,feedback,25000,35,175,138.92,230
Exponential,Master/slave,25000,35,200,116.49,35
Exponential,Voting,25000,35,200,119.62,105
Exponential,Multi-agent,25000,35,200,127.12,70
Exponential,Negotiation,25000,35,200,128.26,247
Exponential,feedback,25000,35,200,135.87,241
Exponential,Master/slave,25000,35,250,117.02,35
Exponential,Voting,25000,35,250,117.61,105
Exponential,Multi-agent,25000,35,250,128.25,70
Exponential,Negotiation,25000,35,250,143.03,256
Exponential,feedback,25000,35,250,152.50,274
Exponential,Master/slave,25000,40,175,134.03,40
Exponential,Voting,25000,40,175,133.18,120
Exponential,Multi-agent,25000,40,175,139.86,80
Exponential,Negotiation,25000,40,175,156.47,265
Exponential,feedback,25000,40,175,158.34,232
Exponential,Master/slave,25000,40,200,133.96,40
Exponential,Voting,25000,40,200,129.50,120
Exponential,Multi-agent,25000,40,200,143.21,80
Exponential,Negotiation,25000,40,200,153.56,236
Exponential,feedback,25000,40,200,166.39,226
Exponential,Master/slave,25000,40,250,133.65,40
Exponential,Voting,25000,40,250,135.78,120
Exponential,Multi-agent,25000,40,250,150.26,80
Exponential,Negotiation,25000,40,250,171.06,228
Exponential,feedback,25000,40,250,187.94,237
Exponential,Master/slave,25000,50,175,167.57,50
Exponential,Voting,25000,50,175,164.99,150
Exponential,Multi-agent,25000,50,175,188.54,100
Exponential,Negotiation,25000,50,175,195.86,241
Exponential,feedback,25000,50,175,215.36,202
Exponential,Master/slave,25000,50,200,166.96,50
Exponential,Voting,25000,50,200,163.16,150
Exponential,Multi-agent,25000,50,200,188.27,100
Exponential,Negotiation,25000,50,200,194.53,228
Exponential,feedback,25000,50,200,219.45,205
Exponential,Master/slave,25000,50,250,166.90,50
Exponential,Voting,25000,50,250,167.83,150
Exponential,Multi-agent,25000,50,250,185.87,100
Exponential,Negotiation,25000,50,250,206.80,208
Exponential,feedback,25000,50,250,238.13,203
Exponential,Master/slave,25000,55,175,185.11,55
Exponential,Voting,25000,55,175,187.96,165
Exponential,Multi-agent,25000,55,175,208.18,110
Exponential,Negotiation,25000,55,175,235.31,243
Exponential,feedback,25000,55,175,256.34,194
Exponential,Master/slave,25000,55,200,184.73,55
Exponential,Voting,25000,55,200,184.27,165
Exponential,Multi-agent,25000,55,200,209.52,110
Exponential,Negotiation,25000,55,200,218.17,211
Exponential,feedback,25000,55,200,251.18,172
Exponential,Master/slave,25000,55,250,183.43,55
Exponential,Voting,25000,55,250,183.39,165
Exponential,Multi-agent,25000,55,250,206.54,110
Exponential,Negotiation,25000,55,250,223.97,207
Exponential,feedback,25000,55,250,261.08,193
Exponential,Master/slave,30000,35,175,116.92,35
Exponential,Voting,30000,35,175,115.97,105
Exponential,Multi-agent,30000,35,175,123.08,70
Exponential,Negotiation,30000,35,175,116.32,265
Exponential,feedback,30000,35,175,118.33,243
Exponential,Master/slave,30000,35,200,116.93,35
Exponential,Voting,30000,35,200,117.55,105
Exponential,Multi-agent,30000,35,200,121.15,70
Exponential,Negotiation,30000,35,200,130.88,274
Exponential,feedback,30000,35,200,134.92,265
Exponential,Master/slave,30000,35,250,117.24,35
Exponential,Voting,30000,35,250,119.19,105
Exponential,Multi-agent,30000,35,250,128.35,70
Exponential,Negotiation,30000,35,250,128.23,286
Exponential,feedback,30000,35,250,136.16,298
Exponential,Master/slave,30000,40,175,134.30,40
Exponential,Voting,30000,40,175,132.66,120
Exponential,Multi-agent,30000,40,175,138.45,80
Exponential,Negotiation,30000,40,175,135.08,267
Exponential,feedback,30000,40,175,134.81,238
Exponential,Master/slave,30000,40,200,133.28,40
Exponential,Voting,30000,40,200,136.47,120
Exponential,Multi-agent,30000,40,200,143.89,80
Exponential,Negotiation,30000,40,200,156.35,272
Exponential,feedback,30000,40,200,165.62,258
Exponential,Master/slave,30000,40,250,134.03,40
Exponential,Voting,30000,40,250,134.69,120
Exponential,Multi-agent,30000,40,250,146.12,80
Exponential,Negotiation,30000,40,250,153.03,259
Exponential,feedback,30000,40,250,166.50,263
Exponential,Master/slave,30000,50,175,168.07,50
Exponential,Voting,30000,50,175,175.69,150
Exponential,Multi-agent,30000,50,175,183.87,100
Exponential,Negotiation,30000,50,175,173.21,247
Exponential,feedback,30000,50,175,192.53,211
Exponential,Master/slave,30000,50,200,167.34,50
Exponential,Voting,30000,50,200,168.25,150
Exponential,Multi-agent,30000,50,200,182.59,100
Exponential,Negotiation,30000,50,200,178.63,249
Exponential,feedback,30000,50,200,199.10,223
Exponential,Master/slave,30000,50,250,167.34,50
Exponential,Voting,30000,50,250,171.31,150
Exponential,Multi-agent,30000,50,250,190.63,100
Exponential,Negotiation,30000,50,250,202.81,253
Exponential,feedback,30000,50,250,227.50,241
Exponential,Master/slave,30000,55,175,185.91,55
Exponential,Voting,30000,55,175,179.95,165
Exponential,Multi-agent,30000,55,175,205.26,110
Exponential,Negotiation,30000,55,175,237.20,271
Exponential,feedback,30000,55,175,250.47,207
Exponential,Master/slave,30000,55,200,184.07,55
Exponential,Voting,30000,55,200,178.68,165
Exponential,Multi-agent,30000,55,200,206.90,110
Exponential,Negotiation,30000,55,200,204.90,252
Exponential,feedback,30000,55,200,233.46,216
Exponential,Master/slave,30000,55,250,183.43,55
Exponential,Voting,30000,55,250,179.58,165
Exponential,Multi-agent,30000,55,250,206.12,110
Exponential,Negotiation,30000,55,250,226.10,254
Exponential,feedback,30000,55,250,252.66,230
Exponential,Master/slave,35000,35,175,117.24,35
Exponential,Voting,35000,35,175,116.64,105
Exponential,Multi-agent,35000,35,175,123.38,70
Exponential,Negotiation,35000,35,175,136.17,284
Exponential,feedback,35000,35,175,138.23,242
Exponential,Master/slave,35000,35,200,116.68,35
Exponential,Voting,35000,35,200,118.81,105
Exponential,Multi-agent,35000,35,200,123.78,70
Exponential,Negotiation,35000,35,200,134.17,317
Exponential,feedback,35000,35,200,135.17,286
Exponential,Master/slave,35000,35,250,117.21,35
Exponential,Voting,35000,35,250,115.22,105
Exponential,Multi-agent,35000,35,250,124.00,70
Exponential,Negotiation,35000,35,250,153.63,320
Exponential,feedback,35000,35,250,157.95,305
Exponential,Master/slave,35000,40,175,134.03,40
Exponential,Voting,35000,40,175,136.97,120
Exponential,Multi-agent,35000,40,175,142.42,80
Exponential,Negotiation,35000,40,175,160.06,277
Exponential,feedback,35000,40,175,163.68,244
Exponential,Master/slave,35000,40,200,133.56,40
Exponential,Voting,35000,40,200,135.31,120
Exponential,Multi-agent,35000,40,200,143.17,80
Exponential,Negotiation,35000,40,200,156.86,289
Exponential,feedback,35000,40,200,164.22,263
Exponential,Master/slave,35000,40,250,134.14,40
Exponential,Voting,35000,40,250,135.26,120
Exponential,Multi-agent,35000,40,250,148.64,80
Exponential,Negotiation,35000,40,250,157.81,306
Exponential,feedback,35000,40,250,166.37,298
Exponential,Master/slave,35000,50,175,167.30,50
Exponential,Voting,35000,50,175,167.61,150
Exponential,Multi-agent,35000,50,175,178.47,100
Exponential,Negotiation,35000,50,175,187.77,278
Exponential,feedback,35000,50,175,201.55,230
Exponential,Master/slave,35000,50,200,166.75,50
Exponential,Voting,35000,50,200,162.60,150
Exponential,Multi-agent,35000,50,200,177.97,100
Exponential,Negotiation,35000,50,200,178.96,279
Exponential,feedback,35000,50,200,193.48,240
Exponential,Master/slave,35000,50,250,166.85,50
Exponential,Voting,35000,50,250,176.65,150
Exponential,Multi-agent,35000,50,250,190.52,100
Exponential,Negotiation,35000,50,250,199.66,280
Exponential,feedback,35000,50,250,219.74,267
Exponential,Master/slave,35000,55,175,185.23,55
Exponential,Voting,35000,55,175,181.77,165
Exponential,Multi-agent,35000,55,175,200.82,110
Exponential,Negotiation,35000,55,175,201.08,284
Exponential,feedback,35000,55,175,218.00,229
Exponential,Master/slave,35000,55,200,183.70,55
Exponential,Voting,35000,55,200,189.05,165
Exponential,Multi-agent,35000,55,200,200.19,110
Exponential,Negotiation,35000,55,200,234.18,268
Exponential,feedback,35000,55,200,253.58,224
Exponential,Master/slave,35000,55,250,183.51,55
Exponential,Voting,35000,55,250,184.47,165
Exponential,Multi-agent,35000,55,250,210.82,110
Exponential,Negotiation,35000,55,250,217.76,267
Exponential,feedback,35000,55,250,247.17,248
